{
  "v13_metrics": "/Users/macrohard/Desktop/Open-Sora-1.3/naive_experiment/scripts/results/100steps_5e5/metrics.json",
  "v20_eval_dir": null,
  "v13_summary": {
    "num_videos": 44,
    "baseline_psnr_mean": 10.366399914549246,
    "baseline_psnr_std": 2.0142704970290297,
    "baseline_psnr_median": 10.573980396390478,
    "baseline_ssim_mean": 0.3115479220776094,
    "baseline_ssim_std": 0.12503333604773528,
    "baseline_ssim_median": 0.30902001523372086,
    "baseline_lpips_mean": 0.7791213712306937,
    "baseline_lpips_std": 0.07332557386794927,
    "baseline_lpips_median": 0.7647347339877375,
    "finetuned_psnr_mean": 14.74446339111253,
    "finetuned_psnr_std": 3.397562214253654,
    "finetuned_psnr_median": 14.547957281976888,
    "finetuned_ssim_mean": 0.5110359146594251,
    "finetuned_ssim_std": 0.1787264078646675,
    "finetuned_ssim_median": 0.5112052300638139,
    "finetuned_lpips_mean": 0.4774625934974011,
    "finetuned_lpips_std": 0.19051150428520572,
    "finetuned_lpips_median": 0.46191841143148915,
    "baseline_inference_time_sec_mean": 25.377240441062234,
    "baseline_inference_time_sec_std": 0.09890463813849891,
    "baseline_inference_time_sec_median": 25.359269618988037,
    "finetune_time_sec_mean": 652.4076885147529,
    "finetune_time_sec_std": 47.05464510204758,
    "finetune_time_sec_median": 630.167955994606,
    "finetuned_inference_time_sec_mean": 25.619644631039012,
    "finetuned_inference_time_sec_std": 0.11435470146420716,
    "finetuned_inference_time_sec_median": 25.61256551742554
  },
  "v20_summary": {}
}