{
  "baseline": {
    "psnr": 15.233400426041419,
    "ssim": 0.4844547654706576,
    "lpips": 0.42903229494579137
  },
  "full_tta": {
    "10": {"psnr": 9.83, "ssim": 0.2125, "lpips": 0.7911, "train_s": 7.75877585887909},
    "20": {"psnr": 9.83, "ssim": 0.2308, "lpips": 0.8140, "train_s": 15.240047216415405},
    "30": {"psnr": 9.01, "ssim": 0.2032, "lpips": 0.8293, "train_s": 22.946958236694336},
    "50": {"psnr": 10.09, "ssim": 0.2448, "lpips": 0.8257, "train_s": 37.37695507526398},
    "100": {"psnr": 11.01, "ssim": 0.2842, "lpips": 0.8149, "train_s": 75.17601851463318}
  }
}
