{
  "baseline": {
    "psnr": 15.233400426041419,
    "ssim": 0.4844547654706576,
    "lpips": 0.42903229494579137
  },
  "lora": {
    "10": {"psnr": 15.41, "ssim": 0.4786, "lpips": 0.4242, "train_s": 5.134147310256958},
    "20": {"psnr": 15.68, "ssim": 0.4961, "lpips": 0.4085, "train_s": 10.205581941604613},
    "30": {"psnr": 15.60, "ssim": 0.4974, "lpips": 0.4101, "train_s": 15.73584641456604},
    "50": {"psnr": 15.57, "ssim": 0.4995, "lpips": 0.4122, "train_s": 25.635060238838197},
    "100": {"psnr": 15.23, "ssim": 0.4933, "lpips": 0.4204, "train_s": 50.70271120548248}
  }
}
