{
  "baseline": {
    "psnr": 15.233400426041419,
    "ssim": 0.4844547654706576,
    "lpips": 0.42903229494579137
  },
  "delta_a": {
    "10": {"psnr": 15.32, "ssim": 0.4750, "lpips": 0.4351, "train_s": 4.952686332669109, "gen_s": 14.646604590527714},
    "20": {"psnr": 15.45, "ssim": 0.4835, "lpips": 0.4212, "train_s": 9.608811384998262, "gen_s": 14.405428220517933},
    "30": {"psnr": 15.44, "ssim": 0.4848, "lpips": 0.4204, "train_s": 14.427599819265305, "gen_s": 14.389661669079214},
    "50": {"psnr": 15.33, "ssim": 0.4810, "lpips": 0.4253, "train_s": 23.745660519767554, "gen_s": 14.490528983138502},
    "100": {"psnr": 15.45, "ssim": 0.4880, "lpips": 0.4137, "train_s": 47.93054777272046, "gen_s": 14.32886423273012}
  },
  "delta_b": {
    "10": {"psnr": 15.43, "ssim": 0.4668, "lpips": 0.4334, "train_s": 4.937623005174101, "gen_s": 14.410993716809898},
    "20": {"psnr": 15.57, "ssim": 0.4907, "lpips": 0.4213, "train_s": 9.823035054802894, "gen_s": 14.278437097147107},
    "30": {"psnr": 15.61, "ssim": 0.4917, "lpips": 0.4160, "train_s": 14.746576251722873, "gen_s": 14.280384311620146},
    "50": {"psnr": 15.60, "ssim": 0.4919, "lpips": 0.4126, "train_s": 24.263104755748063, "gen_s": 14.545985909420997},
    "100": {"psnr": 15.76, "ssim": 0.4981, "lpips": 0.4105, "train_s": 47.743254649341104, "gen_s": 14.481510545387865}
  }
}
